first_name,last_name
Caitrin,Le Grand
Jeremie,Hairsnape
D'arcy,Hullbrook
Dredi,Gradon
Lari,Rapinett
Roxana,Crumly
Pattie,Raddenbury
Josselyn,Spykins
Elmo,Simonnot
Oswald,Beardsell
Shayna,Overstone
Alexander,Lilburn
Persis,Leckey
Billie,Rule
Iain,Aspinwall
Murvyn,Crumby
Rosmunda,Benitti
Hillel,Stickells
Winny,McCuffie
Renie,Rockhill
Vera,Chipman
Anatollo,Pithie
Juliette,Abbett
Kizzie,Lummis
Lezley,Durnian
Ede,Van den Hof
Hillie,Goodinge
Lyell,Chomicki
Lauren,Bittany
Lalo,Mosdill
Richard,Durnford
Yoko,Forman
Tallulah,Archbell
Christie,Korn
Netty,Colledge
Haleigh,Corns
Arlen,Humm
Genovera,Pealing
Tiebold,Alten
Lorant,Wardle
Rea,Runge
Griffy,Anstiss
Jacquenetta,Eilert
Giselbert,Shearmur
Anitra,Gillivrie
Zia,Spencley
Olga,Sawer
Desdemona,Cafe
Wit,Huthart
Terra,Toquet
Kelwin,Laskey
Britteny,Cutting
Mal,Selvester
Georgie,O'Gormley
Yetty,Happs
Coralyn,Wanstall
Chaunce,Stoffer
Kit,Borless
Helen,Tinghill
Maddy,Funcheon
Agace,De Normanville
Madelaine,Cusick
Sutherland,Lower
Janella,Sedger
Neysa,Vigers
Cornell,Tredget
Shem,Kearn
Mireille,Lundon
Gibbie,Bultitude
Colet,Crowd
Elnar,Burbury
Dorothy,Allitt
Kassia,St. Clair
Jeri,Whiteford
Rainer,Bourley
Toni,Hartin
Risa,Matthis
Emmey,Baude
Marius,Gerhartz
Serena,Asty
Nicky,Larraway
Livvy,Maguire
Arlen,Etheredge
Trefor,Skillern
Doti,Jorden
Druci,Pirrone
Jerrilyn,Digle
Antons,Smitheman
Annissa,Ready
Steward,Redler
Theadora,Sollam
Wilhelmine,Gooderridge
Wendi,Gellan
Nissy,Mingauld
Lizabeth,Dudden
Avivah,O'Caine
Moishe,Duprey
Shirlene,Jiggen
Gayleen,Stockau
Glynn,Rapper
Thorin,Kime
Nickolai,Mahony
Burch,Elsdon
Belinda,Mackie
Kendrick,Shortell
Phillip,Dancy
Cristi,O'Lyhane
Gaynor,Wake
Mischa,Deane
Martguerita,Maides
Pollyanna,Grand
Kimbra,McNeillie
Curcio,Aickin
Hirsch,Marl
Zollie,Bigglestone
Dorella,Lamplugh
Gloriane,Brayson
Rafaello,Seckington
Corenda,Callar
Glori,Diamant
Daniel,Miko
Barnebas,Taylo
Nelia,Ossenna
Anet,Denyer
Scot,Beagin
Sigismondo,Oliveti
Gerome,Stoney
Lancelot,Pickavant
Joye,Hamblen
Madelyn,Paulich
Jillie,Loveday
Harriet,Laugherane
Thurstan,Servante
Miguela,Culkin
Catarina,Drinkall
Orelle,Ferrolli
Lilli,Ivashev
Albert,McClenan
Cati,Stivey
Gerardo,Phettis
Kassandra,Duley
Theodora,Gosenell
Harlie,Baribal
Waite,Capnerhurst
Cordie,Maton
Milt,Brandsen
Annabel,Lefeuvre
Urban,Becket
Bard,Acarson
Karyl,Dungay
Leeland,McAndie
Gina,Pullinger
Anthony,Tewkesbury
Merrie,Storcke
Mercedes,Mauro
Norine,Corten
Halley,Dansie
Otto,Gommery
Warren,Merring
Torre,Barosch
Alexei,Bucknell
Ashien,Rosenblum
Hedda,Zorzenoni
Maude,Dankersley
Norrie,Estabrook
Caddric,Carlo
Matti,Coppledike
Linn,Colling
Timothee,Lethcoe
Wit,Satteford
Virge,MacAscaidh
Conan,Crutchfield
Romona,Prinett
Bengt,Warratt
Faina,Meffen
Josiah,Ormond
Romonda,Leamon
Grantham,Renvoise
Ninette,Gripton
Donnamarie,Tarborn
Rozele,Lillee
Shelbi,Sinfield
Marnia,Bellham
Merci,Fryett
Tybalt,Cowndley
Jed,Keller
Kathleen,Statter
Peder,Bourne
Jaimie,Lamont
Giulia,Spaldin
Mattie,Dumberrill
Martica,Hallwell
Nicholas,Bunworth
Wolfgang,McWaters
Shelba,Bispham
Jacquette,Drayton
Suzy,Fayter
Jobey,Marchington
Belia,Suckling
Stormie,Mazdon
Eziechiele,Beneze
Audre,Blant
Edyth,Sprakes
Ludovika,Lean
Renelle,Masse
Katusha,Brignell
Cristian,Trimnell
Shir,Skepper
Normy,Bissett
Monroe,Itzig
Ivory,Marcone
Ashlin,Issakov
Davin,Fenner
Jabez,Hanner
Adore,Paiton
Wrennie,Dugmore
Concettina,Sharratt
Matt,Forsdike
Penny,Rosevear
Lorenzo,Scouse
Fifi,Buesden
Ronnie,Vanetti
Lee,Hoodlass
Giordano,Chaff
Allina,Lepick
Elsi,Hamnett
Violet,Blackler
Clarissa,Branford
Filmer,Lillow
Adam,Bootland
Inge,Jeckells
Justen,Hakes
Earl,Gandley
Dag,Levi
Asher,Freddi
Raimondo,Hassan
Elladine,Kopp
Kathryne,Maghull
Haleigh,McLae
Barrie,Scambler
Tuckie,Cordingly
Elnore,Pape
Adelice,Lilleyman
Terence,Jenik
Spenser,De Ambrosi
Carola,Argyle
Rodolphe,Krienke
Edy,Cometson
Patty,Oades
Berne,Drivers
Nevin,Semechik
Hewett,Blurton
Paolo,Idney
Florenza,Perch
Archy,Riden
Jaquenetta,McCreath
Sandie,Adamovich
Norine,Coneybeare
Kettie,Brownett
Elfrida,Kurten
Loreen,Solly
Mead,Biasetti
Libbie,Cool
Klaus,Wollacott
Drew,Curror
Kirbie,Shalcros
Dareen,Riply
Datha,Bigham
Jessey,Cressor
Ahmad,Aylmer
Alexa,Tavner
Rianon,Cornbill
Doralyn,Chesswas
Nariko,Balfre
Haywood,Mithan
Tamiko,Dawltrey
Giovanna,Paskin
Lucio,Giffen
Beatrix,Cesaric
Lovell,Abrashkov
Shandeigh,Glasebrook
Georgi,Jentzsch
Anderea,Bezzant
Meredith,Crosby
Henryetta,Very
Darsey,Genge
Pavla,Aksell
Elysha,Golde
Maurise,Monksfield
Jenn,Tromans
Constantine,Harbar
Hildegaard,Wiles
Lynnell,Scattergood
Albert,Conaboy
Merilee,Janney
Perrine,Morse
Adah,Clethro
Dill,Oxburgh
Alain,Bullocke
Kellia,Pundy
Bonnee,Glander
Norine,Peattie
Corrinne,Pessel
Demetra,Surmeir
Aileen,Berzons
Gerome,Maber
Cassey,Railton
Aeriel,Youngs
Jackson,Collinwood
Lem,Hurl
Matty,Seabon
Cindra,Blasing
Marjorie,Jankovsky
Ree,McRobert
Pammy,Deem
Lanie,Bremond
Demetria,Louthe
Elwin,Lindeman
Marcellus,Grigoryev
Marney,Robertacci
Betteanne,Leahair
Raffarty,Shitliff
Gilly,Fusco
Piggy,Braune
Eadie,Sandeford
Alister,Isoldi
Elga,Farra
Wiatt,Dorney
Curr,Vasyutichev
Erik,Glavin
Melosa,Pellamonuten
Sibyl,Chagg
Ferne,Consterdine
Locke,Luigi
Clerc,Mateo
Annabal,Gelder
Lanie,Grantham
Luce,Eccleshare
Marjie,Citrine
Sigrid,Van der Velde
Michel,Porch
Ty,Tefft
Ezra,Mattea
Bernardine,Jowle
Consalve,Ceschelli
Luz,Tanswill
Mel,Privett
Hakim,Langland
Aloin,Albro
Mahmud,Blaylock
Pattin,Dawid
Bone,Knaggs
Zita,Aldwich
Sherlocke,Benson
Wilfrid,Shervil
Gayle,Aggas
Maynord,Kime
Cinnamon,Gemelli
Kim,Blanque
Perla,Gooke
Alexei,Hammerberger
Bernadine,Recke
Paola,Ardling
Dehlia,Sibbering
Lenna,Haspineall
Portie,Keitley
Reynold,Dreelan
Henderson,Klimontovich
Gusella,Boldt
Delainey,Bloss
Tabby,Vasyutin
Dalt,Kleeborn
Charlot,Shillingford
Nonah,Postles
Darrelle,Conroy
Kelby,Halston
Alejandrina,Vankeev
Candice,Steinham
North,Dopson
Win,McAllan
Adi,Kivlin
Kelley,Jilliss
Marja,Magauran
Jeremie,Rogeon
Terra,Beseke
Franz,Van Halen
Margarita,Tuther
Lise,Vedekhin
Zora,Cronin
Isabella,Tong
Andrei,Beardsdale
Xenia,McClurg
Margette,Hannay
Harper,Keeting
Pavia,O'Flaherty
Deanne,Harker
Kinnie,Wanne
Violetta,Ogley
Eddi,Barnwille
Jerrome,Piele
Paula,Ballston
Freddy,Quarrie
Ondrea,Gladman
Cesar,Hemmingway
Jonas,Saunder
Tilly,Simm
Dalila,Kiezler
Judy,Duplan
Rosaleen,Dmych
Monica,Overington
Freddi,Hansel
Cornie,Angier
Rania,Blaycock
Ilise,Hunnisett
Estelle,Eagers
Eleni,Izkovitz
Layney,Nance
Hunt,Nisbith
Augusto,Bengal
Griffin,Sketh
Tallie,McCay
Benedikt,Sommerville
Bartholomeo,Durrans
Deena,Iddy
Ryun,Wildblood
Christy,Garci
Karyn,Bulley
Carolus,Braferton
Ly,Laroze
Harrison,Habbert
Garik,Robillard
Irina,Torrie
Penni,Rosten
Maryanna,Ogan
Nikola,Matussevich
Cosme,Peche
Kamilah,Dekeyser
Carita,Mioni
Jacobo,Gallehock
Essy,Alstead
Carmelia,Whimper
Lelia,Redd
Catlaina,Pettifor
Alexei,Dutnell
Lilllie,Dyett
Mirella,Nutbean
Skipper,Blacklock
Pansy,Zanni
Koralle,Montfort
Berty,Teresa
Ely,McCurdy
Kermit,Snadden
Valentina,Morston
Renell,Presho
Jeremie,Barthelmes
Dacie,Sictornes
Carson,Pebworth
Mason,Jagger
Aubrette,Axe
Lay,Southward
Kipper,Laborda
Arnold,Petrina
Eudora,Giacobazzi
Even,Buckell
Veronike,Bergeon
Neale,Krier
Inger,O'Scanlon
Catherin,Creswell
Rancell,Ferrandez
Rosemary,Strattan
Muffin,Else
Torry,Wibrew
Dita,Berkelay
Melamie,Yuille
Veronique,Molyneux
Fina,Pittson
Bax,Zupo
Rourke,Pearsall
Deedee,Tiffin
Blinnie,Eisold
Cherye,Humes
Bondy,Edwards
Hillery,Meates
Say,Gasker
Tom,Atheis
Kelli,Orrett
Ernaline,Whitham
Lynnell,Hingeley
Nike,Dorrity
Sunny,Duggan
Sergio,Warre
Michell,Riply
Victor,Dyde
Elladine,Belasco
Ilaire,Thirlwall
Robinette,Klarzynski
Hamnet,Sikora
Claude,Edmonds
Ronny,Lambdin
Vivyanne,Pearde
Amii,Rydeard
Aurthur,Moult
Kamillah,Viste
Berty,Menat
Yvon,Tomenson
Roderick,Burdus
Lanette,Puckham
Mella,Napper
Carolee,Mellodey
Hamlin,Lippiatt
Dianemarie,Pegg
Elbertina,Elmhirst
Briano,Pindell
Deeanne,Middlemiss
Penni,Loraine
Urbanus,Asson
Sherry,Strettle
Nanine,Comellini
Marcile,Yoodall
Kim,Sewill
Caroljean,Witul
Virgie,Tamas
Caralie,Rosenbush
Helyn,Sanzio
Carmina,Dybbe
Harli,Grzegorek
Piotr,Tregensoe
Erica,Follis
Rutledge,Calvard
Celina,Pollendine
Arleen,Wickardt
Randy,Grout
Idelle,Sanbroke
Ximenez,Beebe
Karrie,Christon
Hyatt,Braley
Berti,Wenban
Mandi,Mulkerrins
Nonnah,Hierro
Abagael,Culpin
Kaila,Freeborn
Ephrem,Birchett
Margot,Selwood
Uriel,Lowre
Giustino,Dartan
Claire,Lethcoe
Evania,Locksley
Garrott,Palmer
Jennilee,Vazquez
Mei,Bailess
Cinda,Kiddy
Cristi,Sherrell
Joshua,Bonnick
Jere,Rawlinson
Griffin,Otridge
Andreana,Scatchard
Chrystel,Stedson
Daven,Taile
Bobbie,Calcott
Gilly,Lymer
Rolando,Jurczik
Thor,Mackieson
Averyl,Brandon
Danni,Fogt
Rooney,Beaushaw
Ezekiel,Hastings
Trix,Colkett
Emlynn,Abramsky
Cookie,Marriott
Brandea,Plowell
Tally,Iamittii
Ania,Mingay
Theodor,Sparks
Ban,Dahlberg
Bernie,Starsmore
Willy,Wiltshire
Betteanne,Ironmonger
Dorine,Monaghan
Maitilde,Clerke
Loni,Rotham
Jeramey,Finan
Blake,Boggers
Jessie,Wylam
Mara,Kubiczek
Sharai,Antunez
Justus,Cairney
Lamont,Elderton
Lonnie,Meakes
Beltran,Bigly
Randie,Pebworth
Abran,Deware
Kimberlyn,Claesens
Krisha,Brechin
Murry,Chander
Linell,Baggallay
Mella,Arlt
Carleton,MacLaverty
Tallie,Wyllcocks
Nicoli,Assiter
Yurik,Bigrigg
Caralie,Redit
Nathaniel,Raddin
Juliana,McIlvaney
Raina,Fransinelli
Ameline,Raecroft
Stanwood,Lovelady
Ram,Rankling
Reid,Thripp
Deerdre,Van Arsdalen
Klemens,Piercey
Celka,Khomishin
Kristyn,Downage
Urbanus,Geer
Haskell,Newby
Ferne,Ruhben
Penn,Scading
Dolly,Allwright
Marsiella,Wrangle
Herb,Lidster
Linn,Barwis
Celinka,Wayper
My,Marriner
Appolonia,Sutty
Taffy,Baribal
Kirsten,Sinderland
Roosevelt,Jurczyk
Percival,Flintiff
Drusilla,Latham
Tisha,Byllam
Glenden,Grave
Ari,France
Zachariah,Barthrop
Fidole,Kippling
Randal,Penkman
Holly,Hess
Dina,Fossey
Rosaline,Brounsell
Cordy,Andrassy
Farrel,Castro
Yves,Ferneley
Benton,Trewhella
Patrick,Overill
Vin,Adamczyk
Phillie,Nears
Cristen,Thrasher
Mae,Dudman
Lizzy,Green
Carmine,Catford
Melody,Dradey
Marylinda,Buesden
Casey,Fisk
Monique,Froschauer
Adrian,Jiroutka
Diann,Innwood
Jacinda,Pardue
Erinna,Andrzejewski
Roderic,Peel
Tiphany,Saterweyte
Lauree,Legrave
Peggy,Jarrard
Erinna,Kesterton
Lesley,Twiddell
Dom,Chessum
Jeremias,Tommei
Roselia,Klaussen
Vladamir,Dougan
Antin,Boatman
Nolana,McCaughren
Parsifal,Itscowicz
Olav,Blakemore
Johnathan,Mussared
Dani,Bordes
Sidney,Loxley
Ruthanne,Ribey
Paul,Diem
Humberto,Bangham
Yvonne,La Padula
Ertha,Hearst
Darelle,Darko
Ulrike,Leads
Lorrayne,Gregoletti
Sabine,Duhig
Gerianne,Bus
Maribeth,Ragdale
Stephie,Martinello
Ebony,Colwell
Iolanthe,Dufall
Alyosha,Trittam
Jonis,Pamment
Linnet,Fechnie
Coop,Rodenborch
Domeniga,Hardey
Eb,Sailor
Marris,Hanaford
Alair,Houliston
Gerald,Prayer
Lora,MacWilliam
Meryl,Ulster
Orland,Belverstone
Deny,Mathiassen
Georas,Salterne
Siward,Scarasbrick
Alwin,Banbury
Saundra,Jullian
Kelcy,Shane
Rad,Trencher
Jenna,Clift
Aretha,McElwee
Kassia,Petrashov
Nissie,Jacqueminet
Helyn,McCrory
Ashlee,Norcock
Shurlock,Kneaphsey
Meredithe,Beevens
Kylila,Fabry
Clementius,Vasilov
Martin,Bumpass
Keri,Hewkin
Valerye,Rozzell
Connie,Summerson
Glen,Balcock
Temple,MacArd
Cesaro,Binner
Salome,Greenley
Perrine,Laver
Bradan,Foskew
Roman,Diviny
Juieta,Mabbett
Elsy,Tranmer
Erma,Enrdigo
Anthea,Standering
Shannon,Wannan
Alika,Bartaloni
Jennette,Halstead
Ailis,Aslett
Maria,Hearmon
Nataline,Claussen
Zelig,Smedmore
Vanny,Burkart
Eliza,Endicott
Marita,Pullar
Haslett,Perrone
Benedetto,Adamski
Corry,McBrearty
Johnette,Copley
Pail,Ashford
Bernardina,Mc Cahey
Ikey,Feragh
Corrina,Chrismas
Sherie,Bennett
Sarita,Ruffli
Oralie,Stivers
Prudi,Veitch
Carolina,Hodgon
Maighdiln,Fridaye
Catherine,Dewire
Bary,Begwell
Brynne,Tabb
Lorita,Reeds
Rosabella,Echallie
Fielding,Grolmann
Fulton,McFetridge
Ingar,Rutland
Brianna,Verdon
El,Riddell
Nicko,Saltman
Henry,Quene
Mozelle,Gatsby
Frannie,Deschelle
Kristina,Danks
Carita,Giffon
Lelia,Fancet
Jude,Schoular
Malorie,Dufty
Rene,Semeniuk
Bebe,Slocket
Sharl,Londors
Kerri,Odde
Karoly,Petrishchev
Ellen,Flaherty
Deeann,Gooda
Anson,Hegel
Locke,Shenley
Lura,Deverick
Mozelle,Hearthfield
George,Dunbobin
Tony,McLucky
Jacky,Ginnally
Violetta,Brettle
Virgina,Sebrook
Addison,Stewart
Pavel,Novkovic
Emily,Eastman
Micheline,Hillitt
Blakelee,Lynn
Augustus,Bayles
Darelle,Fraczek
Shane,Tree
Charleen,Bagnall
Hobie,Josselsohn
Easter,Huxstep
Emelyne,Corden
Farrell,Mabbott
Fredra,Isbell
Parnell,Van der Brugge
Maryanna,Morby
Alwin,Stonman
Karita,Stainton - Skinn
Odette,Hadigate
Ddene,Hunsworth
Anthia,Chessum
Frasier,Leece
Tiertza,Churchlow
Maressa,Riply
Ange,Phillimore
Lotte,O'Dunneen
Byrann,Latch
Adel,Kumaar
Obed,Voelker
Fay,Heifer
Gerardo,Jeremaes
Tate,Lehrian
August,Behrendsen
Karalee,Pecha
Gisela,Muckersie
Pamella,Van Oord
Ragnar,McKissack
Gabriellia,Chartres
Thain,Brighouse
Erda,Jewell
Dall,Mariyushkin
Saloma,Duggon
Zack,Tomasik
Cchaddie,Spuner
Cammie,Gimblet
Philomena,Koppel
Ardath,Foulsham
Quintina,Bottini
Lyle,Foulds
Elle,Sherwen
Tiphani,D'Antuoni
Davita,Skayman
Wendell,Mergue
Ahmed,Paty
Elladine,Chamley
Red,Backson
Briggs,Stode
Greggory,Buckam
Tabbi,Bramhill
Leanna,Custance
Rochette,Schechter
Cathy,Slee
Bartholemy,Ducket
Rab,Fadden
Laurie,Samwyse
Wini,Bannister
Elbert,Broggini
Sherlocke,Ruskin
Ofelia,Domoney
Ofella,Aluard
Trevar,Frier
Adolpho,Craw
Cordie,Ferreira
Tove,MacMeanma
Marketa,Angier
Laurie,Gniewosz
Lukas,Leverson
Grayce,Pettiford
Penny,Normandale
Gayla,Haton
Sullivan,West-Frimley
Denis,Gilders
Verina,Normavill
Janetta,Murrock
Emelda,Lowten
Osbourn,Grimwade
Regan,Loveitt
Vivien,Bocock
Fraser,Melly
Pietro,Congdon
Freddy,Morant
Jodie,Crudgington
Yankee,Harnes
Hewett,Liebermann
Saundra,Jankovsky
Alonso,Kaiser
Mile,Becke
Nata,Clemmen
Herve,Snead
Matty,Sherrin
Jehu,Bollands
Miriam,Gun
Coraline,Gildersleaves
Devi,Feronet
Park,Atthow
Arte,Gert
Viviana,Pennings
Lambert,Murty
Allyson,Dressel
Gloriana,Johann
Grantham,Galea
Inga,Splevin
Laetitia,Corris
Roxi,Quittonden
Bev,Rushworth
Reider,Boorne
Xylia,Rogan
Rosella,Slocom
Zolly,Ringrose
Vidovik,Campana
Hurlee,Warbey
Raleigh,Slinn
Riki,Balassa
Dorey,Illingworth
Alex,Prynne
Nadya,Fitzhenry
Sibley,Fargher
Kevon,Brisset
Josh,Massei
Natty,Ruppelin
Wendeline,Carne
Ardis,Pauluzzi
Jae,Flay
Ron,Bowring
Corny,Penas
Patrick,Willey
Abra,Greatbach
Livvie,Peacop
Bord,Muscroft
Chantal,Hunnaball
Bonnie,Halls
Millicent,Hrynczyk
Jaymie,Harmond
Kayne,Urrey
Neille,Mackelworth
Brita,Groocock
Jerrie,Matitiaho
Wittie,Antonignetti
Yorker,Plom
Hillie,Carillo
Godfree,Buckie
Vachel,Labrum
Kathleen,Marmyon
Adrian,Goodliff
Ali,Adderson
Myrle,Southcott
Meara,Moakes
Cher,Duran
Evelyn,Switsur
Aloysia,Cassely
Lana,Jeary
Afton,Goshawk
Nickolaus,Adams
Dionis,Hasloch
Brad,Moultrie
Lydia,Steele
Donnamarie,Southcott
Ike,Garley
Gloriana,Capeling
Mignon,Manlow
Cyndy,Sturch
Nat,Autry
Astrix,Shulver
Goldi,Breinl
Patience,Donohue
Lesly,Finby
Adrian,Kenworthey
Nelle,Gian
Gherardo,Hadny
Wash,Zammett
Britt,Coping
Sharline,Dennert
Theda,Mullinder
Malissa,Benza
Lelia,Barr
Farleigh,Strongitharm
Philippa,MacLeod
Austine,Letcher
Westbrooke,Piller
Filberto,Roney
Kain,Kennifick
Aloysia,Puddephatt
Janie,Fidilis
Maje,Andrzej
Ferris,Verney
Eugine,Mellem
Grazia,Menloe
Padraig,Tench
Eba,Darleston
Araldo,Munson
Wayland,Jennick
Noelle,Scherme
Ashil,Thunders
Dido,Balme
Austen,Clother
Clim,Jannings
Hervey,Dempster
Tessi,Newbatt
Hedwig,Aguirrezabala
Clayson,Snalham
